email,password,username,name,lastname,birth_date,address,document_number,document_type
mdowsett0@msn.com,MAIMmrdMRF,mdowsett0,Mela,Dowsett,4/3/1996,137 Commercial Court,1404412,CI
doakenfall1@vimeo.com,X9pnabds,doakenfall1,Drew,Oakenfall,4/25/2002,919 Darwin Junction,2179406,CI
nshillabeer2@cnet.com,gMDZ5eTzPEc,nshillabeer2,Natalina,Shillabeer,9/29/1997,86952 Schmedeman Way,3127306,CI
bvaugham3@barnesandnoble.com,nA2l9xbCJ,bvaugham3,Brnaby,Vaugham,2/10/2009,89 Northfield Road,3300996,CI
cdobrowlski4@yellowbook.com,NbbYp3QJ,cdobrowlski4,Connie,Dobrowlski,9/18/1991,05255 Mockingbird Circle,1991379,CI
rmardlin5@gmpg.org,zPOchqUqFmt4,rmardlin5,Riane,Mardlin,7/6/2009,283 Northview Terrace,2133363,CI
hcollard6@nbcnews.com,0z3mrHHsAtVf,hcollard6,Holly,Collard,2/26/1998,89938 Logan Lane,5252462,CI
bhardwick7@domainmarket.com,Ih2xO7akBEb,bhardwick7,Bobine,Hardwick,4/23/1994,30826 Grover Place,1993794,CI
runwin8@miibeian.gov.cn,5Ow7URSuc,runwin8,Ripley,Unwin,8/26/2000,02472 Arkansas Lane,2610196,CI
ccarr9@buzzfeed.com,vngQvpFS8BP,ccarr9,Chuck,Carr,9/25/1999,9119 Vidon Parkway,5483535,CI
ctosdevina@ehow.com,mieVpMbkA,ctosdevina,Creight,Tosdevin,10/7/2000,38 Eliot Plaza,5968788,CI
gpeattb@netlog.com,ABi8pi4xJTT,gpeattb,Grady,Peatt,4/13/2002,4456 Mcbride Way,4327917,CI
npenricec@flickr.com,yHbdcFdmJt,npenricec,Nolly,Penrice,7/14/1993,58067 Claremont Court,1873646,CI
mlightfootd@utexas.edu,xAeCcH7dQV,mlightfootd,Marthe,Lightfoot,12/11/1996,99695 Darwin Way,2914450,CI
frothchilde@auda.org.au,QsBdzY,frothchilde,Ferdy,Rothchild,11/28/2009,97238 Mendota Drive,4707566,CI
mclaysonf@latimes.com,H36XyfwS,mclaysonf,Maje,Clayson,1/9/1997,2792 Eastwood Junction,1284473,CI
ogumbrellg@elegantthemes.com,T6CIpqUVibH,ogumbrellg,Odele,Gumbrell,10/23/1988,91 Golf Avenue,4289712,CI
fvereganh@ebay.com,WKmAuLAKpbF,fvereganh,Farrand,Veregan,12/7/1999,9 Tennessee Lane,1310400,CI
rwebbyi@goodreads.com,ctJtS89orS,rwebbyi,Remy,Webby,1/24/1991,7042 Old Shore Court,2452826,CI
plebrunj@dion.ne.jp,uM2JDkg,plebrunj,Perren,Le Brun,8/20/1993,8 Onsgard Park,5678641,CI
jhaliburtonk@wired.com,ByPFzE,jhaliburtonk,Jeffrey,Haliburton,6/27/1992,420 Luster Lane,3170725,CI
kcecil@mysql.com,6OMOeg7,kcecil,Kristen,Ceci,10/20/2007,755 Thierer Alley,3779628,CI
gpetersenm@mozilla.com,SVxVAHlk,gpetersenm,Garrett,Petersen,3/6/2008,9 Fair Oaks Place,2325177,CI
tbrycen@instagram.com,4kJPhofmJ,tbrycen,Teresita,Bryce,10/28/1989,4894 Carpenter Street,5784867,CI
yocorro@sitemeter.com,kBOFX8udM,yocorro,Yehudit,O'Corr,3/20/2008,90 Lakewood Plaza,1738270,CI
afisonp@uiuc.edu,KL4eRSY8Q2SE,afisonp,Athena,Fison,1/19/2008,3409 Pankratz Trail,5146969,CI
kcorbishleyq@opera.com,TO5Bvh,kcorbishleyq,Korry,Corbishley,9/24/1998,63320 Tony Road,1330269,CI
hhubanr@imgur.com,yKcnoCFAG,hhubanr,Henrieta,Huban,10/8/1990,740 Nevada Pass,5738341,CI
broomess@ebay.com,h0KQ8VuWjvAl,broomess,Britteny,Roomes,11/15/2004,11637 Manley Avenue,4495481,CI
dgrigoret@sogou.com,S6ZYQq,dgrigoret,Dallas,Grigore,1/24/1997,67 Oak Valley Pass,5563054,CI
ascholleru@discovery.com,om1eBQ,ascholleru,Ardelle,Scholler,11/22/1990,14626 Carey Pass,1972509,CI
gedgcombev@4shared.com,GvB2ZMPlpwbf,gedgcombev,Grier,Edgcombe,5/13/2003,2284 Packers Terrace,3032608,CI
gmaniloww@furl.net,xo6rEgiQBRiQ,gmaniloww,Gypsy,Manilow,6/26/2006,718 Truax Drive,1709510,CI
iquaintancex@live.com,jXewqsM9,iquaintancex,Isadora,Quaintance,4/19/2004,494 Pankratz Terrace,3926074,CI
mkillicky@uol.com.br,MECJLwk,mkillicky,Mamie,Killick,5/21/1993,6049 Scott Pass,5743359,CI
tfollenz@mozilla.com,fN1BKH,tfollenz,Tully,Follen,12/18/2005,262 Grasskamp Parkway,3319049,CI
hmcduffie10@ameblo.jp,1OvNi4XOf,hmcduffie10,Hobart,McDuffie,5/1/2000,14 Pleasure Street,3057960,CI
mgierck11@apple.com,wK8VVIEf9Wbj,mgierck11,Marcie,Gierck,4/25/2009,83 American Ash Point,4851230,CI
ldwane12@earthlink.net,6GNFwUhaldb,ldwane12,Lela,Dwane,9/14/2010,61 Warbler Crossing,2992097,CI
ascuse13@sbwire.com,z2f28HuWhBHG,ascuse13,Angelle,Scuse,4/21/2000,90 Fair Oaks Road,1385180,CI
edellatorre14@cargocollective.com,AabmUF9F0,edellatorre14,Elvera,Dellatorre,7/26/2010,277 Fallview Court,5566217,CI
ewilks15@163.com,QX7rEHmzKf,ewilks15,Essie,Wilks,9/26/1995,5 Hudson Point,2833849,CI
dhusher16@hatena.ne.jp,UGAsHmFpYFxx,dhusher16,Desiri,Husher,12/14/2005,4389 Atwood Crossing,4335160,CI
rpaterson17@hao123.com,BvVHHiqKqKM,rpaterson17,Rose,Paterson,5/13/2005,52480 Eagan Plaza,2662879,CI
fskough18@icq.com,WRIZD2uEd36,fskough18,Fan,Skough,4/9/1998,00582 Clove Trail,5846893,CI
rsellor19@china.com.cn,oLhRMMMFQin,rsellor19,Roby,Sellor,4/2/1996,671 Buell Street,3627295,CI
gjoiris1a@taobao.com,JA1OKfciJhFd,gjoiris1a,Georgine,Joiris,9/20/1994,01219 Onsgard Hill,4940618,CI
sstrippling1b@biblegateway.com,niBPZn5V7,sstrippling1b,Spencer,Strippling,9/4/1994,93642 Myrtle Plaza,5485905,CI
dskala1c@economist.com,7MWwwsD,dskala1c,Darcie,Skala,1/16/1990,668 Straubel Court,2838809,CI
jmarchbank1d@123-reg.co.uk,TA4nU0rvsi,jmarchbank1d,Jacklyn,Marchbank,4/19/1994,85 Weeping Birch Pass,5328149,CI
